id,grade,subject,kind,part,curriculum,language,publisher,off_curriculum,title,n_sources,preferred_source,preferred_url,bytes
gkg-general-learning-guide,KG,general,learning_guide,,new,my,Ministry of Education (Myanmar),False,"Download (PDF, 4.31 MB)",2,myanmarexam,http://resources.mmoe.myanmarexam.org/docs/guide/kg2-learning-guide.pdf,4523529
gkg-general-teacher-guide,KG,general,teacher_guide,,new,my,Ministry of Education (Myanmar),False,"Download (PDF, 17.56 MB)",2,myanmarexam,http://resources.mmoe.myanmarexam.org/docs/guide/kg3-teacher-guide.pdf,18413271
gkg-mathematics-teacher-guide,KG,mathematics,teacher_guide,,new,my,Ministry of Education (Myanmar),False,Kindergarten Basic Math (Teacher Guide),1,edu4mm,https://edu4mm.com/wp-content/uploads/2021/09/kg_tg_math.pdf,25284071
gkg-mathematics-textbook-en,KG,mathematics,textbook,,new,en,Ministry of Education (Myanmar),False,Kindergarten English Numbers (Textbook),1,edu4mm,https://edu4mm.com/wp-content/uploads/2021/08/kg-text_eng.pdf,3353775
gkg-mathematics-textbook,KG,mathematics,textbook,,new,my,Ministry of Education (Myanmar),False,Myanmar Kindergarten Basic Mathematics Textbook,1,learnbig,https://books.learnbig.net/uploads/2022/01/KG-Basic-Mathematic.pdf,37801801
gkg-myanmar-textbook,KG,myanmar,textbook,,new,my,Ministry of Education (Myanmar),False,Kindergarten Myanmar Alphabets (Textbook),1,edu4mm,https://edu4mm.com/wp-content/uploads/2021/08/kg-text_myanmar.pdf,5809926
gkg-visual-arts-teacher-guide,KG,visual_arts,teacher_guide,,new,my,Ministry of Education (Myanmar),False,Kindergarten Drawing & Painting (Teacher Guide),1,edu4mm,https://edu4mm.com/wp-content/uploads/2021/09/kg_tg_drw.pdf,17812989
gkg-visual-arts-textbook,KG,visual_arts,textbook,,new,my,Ministry of Education (Myanmar),False,Myanmar Drawing & Painting Kindergarten Textbook,1,learnbig,https://books.learnbig.net/uploads/2022/01/KG-Drawing-Painting.pdf,13397745
g1-english-textbook-en,1,english,textbook,,new,en,Ministry of Education (Myanmar),False,Grade 1 English Language,3,edu4mm,https://edu4mm.com/wp-content/uploads/2021/08/G1_English-TB-10-01-2017-outline.pdf,24266012
g1-english-textbook-p1-en,1,english,textbook,1,new,en,Ministry of Education (Myanmar),False,Myanmar Grade 1 English Textbook Textbook PDF,1,bookhub,https://drive.google.com/uc?export=download&id=14iSIYfWYGztSUgbyNnLoLUubvCLdFs3y,8675475
g1-islamic-textbook-p1,1,islamic,textbook,1,new,my,Ministry of Education (Myanmar),True,Myanmar Grade 1 Islamic Studies Textbook Textbook PDF,1,bookhub,https://drive.google.com/uc?export=download&id=140yf2nTXX9VrAWx9BNkL-Osd0r54nUzr,28919837
g1-life-skills-textbook,1,life_skills,textbook,,new,my,Ministry of Education (Myanmar),False,Grade 1 Life Skills,2,edu4mm,https://edu4mm.com/wp-content/uploads/2021/08/G1_Life-Skills-TB-10-1-2017.pdf,15649230
g1-mathematics-textbook,1,mathematics,textbook,,new,my,Ministry of Education (Myanmar),False,Grade 1 Math,4,edu4mm,https://edu4mm.com/wp-content/uploads/2021/08/G1_Math-text-book-final.pdf,25293345
g1-morality-civics-textbook,1,morality_civics,textbook,,new,my,Ministry of Education (Myanmar),False,Grade 1 Ethics,3,edu4mm,https://edu4mm.com/wp-content/uploads/2021/08/G1_M_C-TBFO.pdf,14637651
g1-myanmar-textbook,1,myanmar,textbook,,new,my,Ministry of Education (Myanmar),False,Myanmar Grade 1 Myanmar Textbook,3,learnbig,https://books.learnbig.net/uploads/2022/01/Myanmar-Grade-1-Myanmar-Textbook.pdf,12781637
g1-myanmar-textbook-p1,1,myanmar,textbook,1,new,my,Ministry of Education (Myanmar),False,Grade 1 [part 1],1,edu4mm,https://edu4mm.com/wp-content/uploads/2021/08/G1_Myanmar-TB-outline_p1.pdf,18380648
g1-myanmar-textbook-p2,1,myanmar,textbook,2,new,my,Ministry of Education (Myanmar),False,Grade 1 [part 2],1,edu4mm,https://edu4mm.com/wp-content/uploads/2021/08/G1_Myanmar-TB-outline_p2.pdf,24610758
g1-performing-arts-textbook,1,performing_arts,textbook,,new,my,Ministry of Education (Myanmar),False,Grade 1 Music,2,edu4mm,https://edu4mm.com/wp-content/uploads/2021/08/G1_Performing-Arts-TB-17-1-2017.pdf,17237997
g1-physical-education-textbook,1,physical_education,textbook,,new,my,Ministry of Education (Myanmar),False,Grade 1 Physical Education,2,edu4mm,https://edu4mm.com/wp-content/uploads/2021/08/G1_PE-Textbook-13-1-2017NCC-4-backoutline.pdf,14794582
g1-science-interactive-p1,1,science,interactive,1,new,my,Ministry of Education (Myanmar),False,Myanmar Grade 1 Science Textbook Interactive Textbook PDF,1,bookhub,https://drive.google.com/uc?export=download&id=1n46PIQP_yXN8UCu9TDzkE_lk3nwYqWz_,14391345
g1-science-textbook,1,science,textbook,,new,my,Ministry of Education (Myanmar),False,Myanmar Grade 1 Science Textbook,3,learnbig,https://books.learnbig.net/uploads/2022/01/G1-Science-TB.pdf,7153628
g1-science-textbook-p9,1,science,textbook,9,new,my,Ministry of Education (Myanmar),False,Grade 1 Science,1,edu4mm,https://edu4mm.com/wp-content/uploads/2021/08/G1_Science-9-1-2017-TB.pdf,17019517
g1-social-studies-textbook,1,social_studies,textbook,,new,my,Ministry of Education (Myanmar),False,Myanmar Grade 1 Social Studies Textbook,2,learnbig,https://books.learnbig.net/uploads/2022/01/G1-Social-Studies-TB.pdf,8282772
g1-social-studies-textbook-p10,1,social_studies,textbook,10,new,my,Ministry of Education (Myanmar),False,Grade 1 Social Study,1,edu4mm,https://edu4mm.com/wp-content/uploads/2021/08/G1_Social-Study-Text-book-10-1-2017outline.pdf,22126452
g1-visual-arts-textbook,1,visual_arts,textbook,,new,my,Ministry of Education (Myanmar),False,Grade 1 Drawing & Painting,2,edu4mm,https://edu4mm.com/wp-content/uploads/2021/08/G1_Art-Text-book.pdf,12587788
g2-english-answer-guide-en,2,english,answer_guide,,new,en,Ministry of Education (Myanmar),False,Myanmar Grade 2 English Answers Complete Answers (အဖြေစုံများ) PDF,1,bookhub,https://drive.google.com/uc?export=download&id=100JwoYRAgwd7wgzfgWzg6nQiN70Gdjdj,13769719
g2-english-textbook-en,2,english,textbook,,new,en,Ministry of Education (Myanmar),False,Grade 2 English Language,4,edu4mm,https://edu4mm.com/wp-content/uploads/2021/08/G2_Textbook_English_15_Nov_Outline.pdf,24427867
g2-life-skills-textbook,2,life_skills,textbook,,new,my,Ministry of Education (Myanmar),False,Grade 2 Life Skills,3,edu4mm,https://edu4mm.com/wp-content/uploads/2021/08/G2_Textbook_LifeSkills_21_Nov_Outline.pdf,21127623
g2-mathematics-answer-guide,2,mathematics,answer_guide,,new,my,Ministry of Education (Myanmar),False,Myanmar Grade 2 Mathematics Answers Complete Answers (အဖြေစုံများ) PDF,1,bookhub,https://drive.google.com/uc?export=download&id=1077CZ7gSDh5kUMg3cK4j8C4gZbX_4uNE,14320694
g2-mathematics-textbook,2,mathematics,textbook,,new,my,Ministry of Education (Myanmar),False,Myanmar Grade 2 Mathematics Textbook,3,learnbig,https://books.learnbig.net/uploads/2022/01/Myanmar-Grade-2-Mathematics-Textbook.pdf,48866810
g2-mathematics-textbook-p1,2,mathematics,textbook,1,new,my,Ministry of Education (Myanmar),False,Grade 2 [part 1],1,edu4mm,https://edu4mm.com/wp-content/uploads/2021/08/G2_Textbook_Math_15_Nov_Outline_p1.pdf,20907452
g2-mathematics-textbook-p2,2,mathematics,textbook,2,new,my,Ministry of Education (Myanmar),False,Grade 2 [part 2],1,edu4mm,https://edu4mm.com/wp-content/uploads/2021/08/G2_Textbook_Math_15_Nov_Outline_p2.pdf,21373737
g2-morality-civics-textbook,2,morality_civics,textbook,,new,my,Ministry of Education (Myanmar),False,Myanmar Grade 2 Morality and Civics Textbook,1,learnbig,https://books.learnbig.net/uploads/2022/01/G2-Morality-and-Civic-TB.pdf,46666937
g2-morality-civics-textbook-p1,2,morality_civics,textbook,1,new,my,Ministry of Education (Myanmar),False,Grade 2 [part 1],1,edu4mm,https://edu4mm.com/wp-content/uploads/2021/08/G2_Textbook_MoralityCivics_15_Nov_Outline_p1.pdf,17485262
g2-morality-civics-textbook-p2,2,morality_civics,textbook,2,new,my,Ministry of Education (Myanmar),False,Grade 2 [part 2],1,edu4mm,https://edu4mm.com/wp-content/uploads/2021/08/G2_Textbook_MoralityCivics_15_Nov_Outline_p2.pdf,19492202
g2-myanmar-answer-guide,2,myanmar,answer_guide,,new,my,Ministry of Education (Myanmar),False,Myanmar Grade 2 Burmese Answers Complete Answers (အဖြေစုံများ) PDF,1,bookhub,https://drive.google.com/uc?export=download&id=15TpJY9Ik0V6xrvHplsySppalaDqSeQqf,7685716
g2-myanmar-textbook,2,myanmar,textbook,,new,my,Ministry of Education (Myanmar),False,Myanmar Grade 2 Myanmar Textbook,3,learnbig,https://books.learnbig.net/uploads/2022/01/G2-Myanmarsa-TB.pdf,28949231
g2-myanmar-textbook-p1,2,myanmar,textbook,1,new,my,Ministry of Education (Myanmar),False,Grade 2 [part 1],1,edu4mm,https://edu4mm.com/wp-content/uploads/2021/08/G2_Textbook_Myanmar_15_Nov_Outline_p1.pdf,20970577
g2-myanmar-textbook-p2,2,myanmar,textbook,2,new,my,Ministry of Education (Myanmar),False,Grade 2 [part 2],1,edu4mm,https://edu4mm.com/wp-content/uploads/2021/08/G2_Textbook_Myanmar_15_Nov_Outline_p2.pdf,21451713
g2-performing-arts-textbook,2,performing_arts,textbook,,new,my,Ministry of Education (Myanmar),False,Grade 2 Music,2,edu4mm,https://edu4mm.com/wp-content/uploads/2021/08/G2_Textbook_PerformingArts_24_Nov_2017_Outline.pdf,12747526
g2-physical-education-textbook,2,physical_education,textbook,,new,my,Ministry of Education (Myanmar),False,Grade 2 Physical Education,2,edu4mm,https://edu4mm.com/wp-content/uploads/2021/08/G2_Textbook_PhysicalEducation_15_Nov_Outline.pdf,18295556
g2-science-answer-guide,2,science,answer_guide,,new,my,Ministry of Education (Myanmar),False,Myanmar Grade 2 Science Answers Complete Answers (အဖြေစုံများ) PDF,1,bookhub,https://drive.google.com/uc?export=download&id=1-oqeGqQ9bYPp1dFBrHaV_QZog4gQVukM,5320239
g2-science-textbook,2,science,textbook,,new,my,Ministry of Education (Myanmar),False,Grade 2 Science,5,edu4mm,https://edu4mm.com/wp-content/uploads/2021/08/G2_Textbook_Science_24_Nov_2017_Outline.pdf,20220348
g2-science-textbook-p1,2,science,textbook,1,new,my,Ministry of Education (Myanmar),False,Myanmar Grade 2 Science Textbook Inerictive science Textbook PDF,1,bookhub,https://drive.google.com/uc?export=download&id=11K2dKTAOMW_zeJrdDnvPJkWwEA20eSkd,16565086
g2-social-studies-answer-guide,2,social_studies,answer_guide,,new,my,Ministry of Education (Myanmar),False,Myanmar Grade 2 Social Studies Answers Complete Answers (အဖြေစုံများ) PDF,1,bookhub,https://drive.google.com/uc?export=download&id=1-r3SOjhQ6yZ0Fw0XvIEuJEGeMeEploQP,3877877
g2-social-studies-textbook,2,social_studies,textbook,,new,my,Ministry of Education (Myanmar),False,Grade 2 Social Study,3,edu4mm,https://edu4mm.com/wp-content/uploads/2021/08/G2_Textbook_SocialStudies_28_Nov_Outline.pdf,12364975
g2-visual-arts-textbook,2,visual_arts,textbook,,new,my,Ministry of Education (Myanmar),False,Grade 2 Drawing & Painting,2,edu4mm,https://edu4mm.com/wp-content/uploads/2021/08/G2_Textbook_VisualArts_15_Nov_Outline.pdf,19467180
g3-english-answer-guide-en,3,english,answer_guide,,new,en,Ministry of Education (Myanmar),False,Myanmar Grade 3 English Answers Complete Answers (အဖြေစုံများ) PDF,1,bookhub,https://drive.google.com/uc?export=download&id=1-l0lkdaHOa_Jb97liSgmjsJ-llbbxTdx,13120516
g3-english-textbook-en,3,english,textbook,,new,en,Ministry of Education (Myanmar),False,Grade 3 English Language,5,edu4mm,https://edu4mm.com/wp-content/uploads/2021/08/G3_TB_20181004_English_Outline.pdf,15536137
g3-islamic-textbook,3,islamic,textbook,,new,my,Ministry of Education (Myanmar),True,Myanmar Grade 3 Islamic Textbook Textbook PDF,1,bookhub,https://drive.google.com/uc?export=download&id=1_wVYGM0u0YznspajanSRDSF3mEiDHq0X,12633953
g3-life-skills-textbook-en,3,life_skills,textbook,,new,en,Ministry of Education (Myanmar),False,Myanmar Grade 3 Life Skills Textbook (English Translation),1,learnbig,https://books.learnbig.net/uploads/2022/01/Life-Skill-TB-G-3-Eng.pdf,25118877
g3-life-skills-textbook,3,life_skills,textbook,,new,my,Ministry of Education (Myanmar),False,Grade 3 Life Skills,3,edu4mm,https://edu4mm.com/wp-content/uploads/2021/08/G3_TB_LifeSkills_20181005_Outline.pdf,17085151
g3-mathematics-answer-guide,3,mathematics,answer_guide,,new,my,Ministry of Education (Myanmar),False,Myanmar Grade 3 Mathematics Answers Complete Answers (အဖြေစုံများ) PDF,1,bookhub,https://drive.google.com/uc?export=download&id=1-lFaR4J1AsO5ke49QVSzZXdokgSBe-XG,8382615
g3-mathematics-textbook-en,3,mathematics,textbook,,new,en,Ministry of Education (Myanmar),False,Myanmar Mathematics Grade 3 Textbook (English Translation),1,learnbig,https://books.learnbig.net/uploads/2022/01/Maths-TB-G-3-Eng.pdf,69548990
g3-mathematics-textbook,3,mathematics,textbook,,new,my,Ministry of Education (Myanmar),False,Myanmar Grade 3 Mathematics Textbook,3,learnbig,https://books.learnbig.net/uploads/2022/01/Myanmar-Grade-3-Mathematics-Textbook.pdf,51924048
g3-mathematics-textbook-p1,3,mathematics,textbook,1,new,my,Ministry of Education (Myanmar),False,Grade 3 [part 1],1,edu4mm,https://edu4mm.com/wp-content/uploads/2021/08/G3_TB_Maths_20181011_Outline_p1.pdf,14853928
g3-mathematics-textbook-p2,3,mathematics,textbook,2,new,my,Ministry of Education (Myanmar),False,Grade 3 [part 2],1,edu4mm,https://edu4mm.com/wp-content/uploads/2021/08/G3_TB_Maths_20181011_Outline_p2.pdf,14397426
g3-morality-civics-teacher-guide-en,3,morality_civics,teacher_guide,,new,en,Ministry of Education (Myanmar),False,Myanmar Grade 3 Morality and Civics Teacher Guide (English Translation),1,learnbig,https://books.learnbig.net/uploads/2022/01/Molarity-and-Civics-TGG-3-Eng.pdf,85466964
g3-morality-civics-textbook-en,3,morality_civics,textbook,,new,en,Ministry of Education (Myanmar),False,Myanmar Grade 3 Morality and Civics Textbook (English Translation),1,learnbig,https://books.learnbig.net/uploads/2022/01/Molarity-and-Civics-TBG-3-Eng.pdf,34758665
g3-morality-civics-textbook,3,morality_civics,textbook,,new,my,Ministry of Education (Myanmar),False,Grade 3 Ethics,2,edu4mm,https://edu4mm.com/wp-content/uploads/2021/08/G3_TB_MoralityCivics_20181001_outline.pdf,28633790
g3-myanmar-answer-guide,3,myanmar,answer_guide,,new,my,Ministry of Education (Myanmar),False,Myanmar Grade 3 Burmese Answers Complete Answers (အဖြေစုံများ) PDF,1,bookhub,https://drive.google.com/uc?export=download&id=1Vf5Cn3ATB7yOeiQj3LXHNt7-Voz8rL53,4433091
g3-myanmar-textbook,3,myanmar,textbook,,new,my,Ministry of Education (Myanmar),False,Myanmar Language Subject Grade 3 Textbook,3,learnbig,https://books.learnbig.net/uploads/2022/01/Myanmar-Language-Subject-Grade-3-Textbook.pdf,53687546
g3-myanmar-textbook-p1,3,myanmar,textbook,1,new,my,Ministry of Education (Myanmar),False,Grade 3 [part 1],1,edu4mm,https://edu4mm.com/wp-content/uploads/2021/08/G3_TB_Myanmar_20181005_Outline_p1.pdf,15000233
g3-myanmar-textbook-p2,3,myanmar,textbook,2,new,my,Ministry of Education (Myanmar),False,Grade 3 [part 2],1,edu4mm,https://edu4mm.com/wp-content/uploads/2021/08/G3_TB_Myanmar_20181005_Outline_p2.pdf,14873401
g3-performing-arts-textbook-en,3,performing_arts,textbook,,new,en,Ministry of Education (Myanmar),False,Myanmar Grade 3 Performing Arts Textbook (English Translation),1,learnbig,https://books.learnbig.net/uploads/2022/01/Perfoming-Art-TB-G-3-Eng.pdf,15753559
g3-performing-arts-textbook,3,performing_arts,textbook,,new,my,Ministry of Education (Myanmar),False,Grade 3 Music,2,edu4mm,https://edu4mm.com/wp-content/uploads/2021/08/G3_TB_PerformingArts_20181008_Outline.pdf,10451783
g3-physical-education-textbook-en,3,physical_education,textbook,,new,en,Ministry of Education (Myanmar),False,Myanmar Grade 3 Physical Education Textbook (English Translation),1,learnbig,https://books.learnbig.net/uploads/2022/01/Physical-Education-TBG-3-Eng.pdf,30393803
g3-physical-education-textbook,3,physical_education,textbook,,new,my,Ministry of Education (Myanmar),False,Myanmar Grade 3 Physical Education Textbook,1,learnbig,https://books.learnbig.net/uploads/2022/01/Grade3PE.pdf,73313422
g3-physical-education-textbook-p1,3,physical_education,textbook,1,new,my,Ministry of Education (Myanmar),False,Grade 3 [part 1],1,edu4mm,https://edu4mm.com/wp-content/uploads/2021/08/G3_TB_PE_20181012_outline_p1.pdf,11379052
g3-physical-education-textbook-p2,3,physical_education,textbook,2,new,my,Ministry of Education (Myanmar),False,Grade 3 [part 2],1,edu4mm,https://edu4mm.com/wp-content/uploads/2021/08/G3_TB_PE_20181012_outline_p2.pdf,17209660
g3-science-answer-guide,3,science,answer_guide,,new,my,Ministry of Education (Myanmar),False,Myanmar Grade 3 Science Answers Complete Answers (အဖြေစုံများ) PDF,1,bookhub,https://drive.google.com/uc?export=download&id=1W7uJeVOp4xN68FWf8slVriydTA-3WovR,15098135
g3-science-textbook-en,3,science,textbook,,new,en,Ministry of Education (Myanmar),False,Myanmar Grade 3 Science Textbook (English Translation),2,learnbig,https://books.learnbig.net/uploads/2022/01/Science-TB-G-3-Eng.pdf,35329133
g3-science-textbook,3,science,textbook,,new,my,Ministry of Education (Myanmar),False,Grade 3 Science,3,edu4mm,https://edu4mm.com/wp-content/uploads/2021/08/G3_TB_Science_20180926_Outline.pdf,28292931
g3-science-textbook-p3,3,science,textbook,3,new,my,Ministry of Education (Myanmar),False,Myanmar Grade 3 Science Textbook Inerictive science Textbook PDF,1,bookhub,https://drive.google.com/uc?export=download&id=11QiPpxJz-5bsUfltx2av0tk8K38CG5n2,28293738
g3-social-studies-answer-guide,3,social_studies,answer_guide,,new,my,Ministry of Education (Myanmar),False,Myanmar Grade 3 Social Studies Answers Complete Answers (အဖြေစုံများ) PDF,1,bookhub,https://drive.google.com/uc?export=download&id=1-aK8i9W0aW7Wai-WZM-mnWgC7vgZFb_x,1834794
g3-social-studies-textbook-en,3,social_studies,textbook,,new,en,Ministry of Education (Myanmar),False,Myanmar Grade 3 Social Studies Textbook (English Translation),2,learnbig,https://books.learnbig.net/uploads/2022/01/Social-Studies-TB-G-3-Eng.pdf,35138726
g3-social-studies-textbook,3,social_studies,textbook,,new,my,Ministry of Education (Myanmar),False,Grade 3 Social Study,2,edu4mm,https://edu4mm.com/wp-content/uploads/2021/08/G3_TB_SocialStudies_20181010_Outline.pdf,24454290
g3-visual-arts-textbook-en,3,visual_arts,textbook,,new,en,Ministry of Education (Myanmar),False,Myanmar Grade 3 Visual Arts Textbook (English Translation),1,learnbig,https://books.learnbig.net/uploads/2022/01/Virsual-Arts-TBG-3-Eng.pdf,26274173
g3-visual-arts-textbook,3,visual_arts,textbook,,new,my,Ministry of Education (Myanmar),False,Grade 3 Drawing & Painting,3,edu4mm,https://edu4mm.com/wp-content/uploads/2021/08/G3_TB_VisualArts_20181009_Outline.pdf,19560567
g4-english-answer-guide-en,4,english,answer_guide,,new,en,Ministry of Education (Myanmar),False,Myanmar Grade 4 English Answers Complete Answers (အဖြေစုံများ) PDF,1,bookhub,https://drive.google.com/uc?export=download&id=1-aAYfSyu50mLZpUJebZDrhA8TvZd-G0g,35657136
g4-english-textbook-en,4,english,textbook,,new,en,Ministry of Education (Myanmar),False,Grade 4 English Language,4,edu4mm,https://edu4mm.com/wp-content/uploads/2021/08/Grade4-Eng-Text.pdf,22236302
g4-geography-textbook,4,geography,textbook,,new,my,Ministry of Education (Myanmar),False,Grade 4 History & Geography,1,edu4mm,https://edu4mm.com/wp-content/uploads/2021/08/Grade4-HisGeo-Text.pdf,25013182
g4-geography-history-textbook,4,geography_history,textbook,,new,my,Ministry of Education (Myanmar),False,Myanmar Grade 4 Geography and History Textbook,1,learnbig,https://books.learnbig.net/uploads/2017/09/grade4_GeoHis.pdf,4513582
g4-islamic-textbook,4,islamic,textbook,,new,my,Ministry of Education (Myanmar),True,Myanmar Grade 4 Islamic Textbook Moral Education Textbook PDF,1,bookhub,https://drive.google.com/uc?export=download&id=1-df_g_Fjq4O3atw7ABygVAO5U_hTz8oI,7482052
g4-life-skills-textbook,4,life_skills,textbook,,new,my,Ministry of Education (Myanmar),False,Grade 4 Life Skills,3,edu4mm,https://edu4mm.com/wp-content/uploads/2021/08/Grade4-Lifeskills-Text.pdf,26593939
g4-mathematics-answer-guide,4,mathematics,answer_guide,,new,my,Ministry of Education (Myanmar),False,Myanmar Grade 4 Mathematics Answers Complete Answers (အဖြေစုံများ) PDF,1,bookhub,https://drive.google.com/uc?export=download&id=1-Mvdd7bFZG8sr1Md6IAd5iCVgizOLx0I,13566315
g4-mathematics-textbook,4,mathematics,textbook,,new,my,Ministry of Education (Myanmar),False,Grade 4 Math,4,edu4mm,https://edu4mm.com/wp-content/uploads/2021/08/Grade4-Math-Text.pdf,25765673
g4-morality-civics-textbook,4,morality_civics,textbook,,new,my,Ministry of Education (Myanmar),False,Myanmar Grade 4 Morality and Civics Textbook,1,learnbig,https://books.learnbig.net/uploads/2022/02/Grade-4Morality-and-Civic-TB-MM.pdf,10481264
g4-morality-civics-textbook-p1,4,morality_civics,textbook,1,new,my,Ministry of Education (Myanmar),False,Grade 4 [part 1],1,edu4mm,https://edu4mm.com/wp-content/uploads/2021/08/Grade4-Moralitymnc-Text_p1.pdf,16848207
g4-morality-civics-textbook-p2,4,morality_civics,textbook,2,new,my,Ministry of Education (Myanmar),False,Grade 4 [part 2],1,edu4mm,https://edu4mm.com/wp-content/uploads/2021/08/Grade4-Moralitymnc-Text_p2.pdf,16974770
g4-myanmar-answer-guide,4,myanmar,answer_guide,,new,my,Ministry of Education (Myanmar),False,Myanmar Grade 4 Burmese Answers Complete Answers (အဖြေစုံများ) PDF,1,bookhub,https://drive.google.com/uc?export=download&id=19p8ZTSDoCeuQrBLXPZ0Md4oJaU6AVLGp,26382050
g4-myanmar-textbook,4,myanmar,textbook,,new,my,Ministry of Education (Myanmar),False,Myanmar Grade 4 Myanmar Textbook,3,learnbig,https://books.learnbig.net/uploads/2022/01/Myanmar-Grade-4-Myanmar-Textbook.pdf,57317615
g4-myanmar-textbook-p1,4,myanmar,textbook,1,new,my,Ministry of Education (Myanmar),False,Grade 4 [part 1],1,edu4mm,https://edu4mm.com/wp-content/uploads/2021/08/Grade4-Myanmar-Text_p1.pdf,15731609
g4-myanmar-textbook-p2,4,myanmar,textbook,2,new,my,Ministry of Education (Myanmar),False,Grade 4 [part 2],1,edu4mm,https://edu4mm.com/wp-content/uploads/2021/08/Grade4-Myanmar-Text_p2.pdf,17352593
g4-myanmar-textbook-p3,4,myanmar,textbook,3,new,my,Ministry of Education (Myanmar),False,Grade 4 [part 3],1,edu4mm,https://edu4mm.com/wp-content/uploads/2021/08/Grade4-Myanmar-Text_p3.pdf,13846251
g4-performing-arts-textbook,4,performing_arts,textbook,,new,my,Ministry of Education (Myanmar),False,Grade 4 Music,3,edu4mm,https://edu4mm.com/wp-content/uploads/2021/08/Grade4-Artmusic-Text.pdf,14243381
g4-physical-education-textbook,4,physical_education,textbook,,new,my,Ministry of Education (Myanmar),False,Myanmar Grade 4 Physical Education Textbook,1,learnbig,https://books.learnbig.net/uploads/2022/02/Grade-4-Physical-Education.pdf,13079739
g4-physical-education-textbook-p1,4,physical_education,textbook,1,new,my,Ministry of Education (Myanmar),False,Grade 4 [part 1],1,edu4mm,https://edu4mm.com/wp-content/uploads/2021/08/Grade4-Physical-Exercise-Text_p1.pdf,18376185
g4-physical-education-textbook-p2,4,physical_education,textbook,2,new,my,Ministry of Education (Myanmar),False,Grade 4 [part 2],1,edu4mm,https://edu4mm.com/wp-content/uploads/2021/08/Grade4-Physical-Exercise-Text_p2.pdf,19234841
g4-science-answer-guide,4,science,answer_guide,,new,my,Ministry of Education (Myanmar),False,Myanmar Grade 4 Science Answers Complete Answers (အဖြေစုံများ) PDF,1,bookhub,https://drive.google.com/uc?export=download&id=1VX3435_8jGsg0v44j7_MIg21wJIQlhFj,14839133
g4-science-interactive-p4,4,science,interactive,4,new,my,Ministry of Education (Myanmar),False,Myanmar Grade 4 Science Textbook Inerictive science Textbook PDF,1,bookhub,https://drive.google.com/uc?export=download&id=11IE3vK3rxPEQ-AgP3JkMSeumoPw-n79l,23205579
g4-science-textbook,4,science,textbook,,new,my,Ministry of Education (Myanmar),False,Myanmar Grade 4 Science Textbook,3,learnbig,https://books.learnbig.net/uploads/2022/02/Grade-4Science-TB-MM.pdf,84832835
g4-science-textbook-p1,4,science,textbook,1,new,my,Ministry of Education (Myanmar),False,Grade 4 [part 1],1,edu4mm,https://edu4mm.com/wp-content/uploads/2021/08/Grade4-Science-Text_p1.pdf,18004472
g4-science-textbook-p2,4,science,textbook,2,new,my,Ministry of Education (Myanmar),False,Grade 4 [part 2],1,edu4mm,https://edu4mm.com/wp-content/uploads/2021/08/Grade4-Science-Text_p2.pdf,21257875
g4-science-textbook-p3,4,science,textbook,3,new,my,Ministry of Education (Myanmar),False,Grade 4 [part 3],1,edu4mm,https://edu4mm.com/wp-content/uploads/2021/08/Grade4-Science-Text_p3.pdf,21821311
g4-social-studies-answer-guide,4,social_studies,answer_guide,,new,my,Ministry of Education (Myanmar),False,Myanmar Grade 4 Social Studies Answers Complete Answers (အဖြေစုံများ) PDF,1,bookhub,https://drive.google.com/uc?export=download&id=1-ycd3yYG9bnVgo3cCMQC_NMY4Ynbiv-E,10003974
g4-social-studies-textbook,4,social_studies,textbook,,new,my,Ministry of Education (Myanmar),False,Myanmar Grade 4 Social Studies Textbook,2,learnbig,https://books.learnbig.net/uploads/2022/02/Myanmar-Grade-4-Social-Studies-Textbook.pdf,11240716
g4-visual-arts-textbook,4,visual_arts,textbook,,new,my,Ministry of Education (Myanmar),False,Grade 4 Drawing & Painting,3,edu4mm,https://edu4mm.com/wp-content/uploads/2021/08/Grade4-Art-painting-Text.pdf,16633388
g5-english-answer-guide-en,5,english,answer_guide,,new,en,Ministry of Education (Myanmar),False,Myanmar Grade 5 English Answers Complete Answers (အဖြေစုံများ) PDF,1,bookhub,https://drive.google.com/uc?export=download&id=1-NFQvjQ3QpbGizY32tTYcYS-F2BW7HZo,37682865
g5-english-textbook-en,5,english,textbook,,new,en,Ministry of Education (Myanmar),False,Grade 5 English Language,3,edu4mm,https://edu4mm.com/wp-content/uploads/2021/08/grade5_English.pdf,7706620
g5-geography-textbook,5,geography,textbook,,new,my,Ministry of Education (Myanmar),False,Grade 5 History & Geography,1,edu4mm,https://edu4mm.com/wp-content/uploads/2021/08/grade5_GeoHis.pdf,19260826
g5-geography-history-textbook,5,geography_history,textbook,,new,my,Ministry of Education (Myanmar),False,Myanmar Grade 5 Geography and History Textbook,1,learnbig,https://books.learnbig.net/uploads/2017/09/grade5_GeoHis.pdf,19260826
g5-islamic-textbook,5,islamic,textbook,,new,my,Ministry of Education (Myanmar),True,Myanmar Grade 5 Islamic Textbook Moral Education Textbook PDF,1,bookhub,https://drive.google.com/uc?export=download&id=1-kcbAYrVx9A4IeeUwa42fRtI0iK6ea23,11947531
g5-mathematics-answer-guide,5,mathematics,answer_guide,,new,my,Ministry of Education (Myanmar),False,Myanmar Grade 5 Mathematics Answers Complete Answers (အဖြေစုံများ) PDF,1,bookhub,https://drive.google.com/uc?export=download&id=139gR1TAFKe7SZzm5mocP3gijBpVssTBb,41899151
g5-mathematics-textbook,5,mathematics,textbook,,new,my,Ministry of Education (Myanmar),False,Grade 5 Math,3,edu4mm,https://edu4mm.com/wp-content/uploads/2021/08/grade5_Math.pdf,18969929
g5-morality-civics-textbook,5,morality_civics,textbook,,new,my,Ministry of Education (Myanmar),False,Myanmar Grade 5 Moral Textbook Textbook PDF,1,bookhub,https://drive.google.com/uc?export=download&id=12QFjMgyjdoQVVmFiUFiUFLJ8bNXWyEpi,24690027
g5-myanmar-answer-guide,5,myanmar,answer_guide,,new,my,Ministry of Education (Myanmar),False,Myanmar Grade 5 Burmese Answers Complete Answers (အဖြေစုံများ) PDF,1,bookhub,https://drive.google.com/uc?export=download&id=1-ORGLikPtox6qsBDDqTMmmplWagUdtkp,29255964
g5-myanmar-textbook,5,myanmar,textbook,,new,my,Ministry of Education (Myanmar),False,Grade 5 Myanmar Language,3,edu4mm,https://edu4mm.com/wp-content/uploads/2021/08/grade5_Myanmar.pdf,5661772
g5-science-answer-guide,5,science,answer_guide,,new,my,Ministry of Education (Myanmar),False,Myanmar Grade 5 Science Answers Complete Answers (အဖြေစုံများ) PDF,1,bookhub,https://drive.google.com/uc?export=download&id=1-MbL1m0dCyxxiuMPqH6W8jzTuD1CMGTo,35475887
g5-science-textbook,5,science,textbook,,new,my,Ministry of Education (Myanmar),False,Grade 5 Science,3,edu4mm,https://edu4mm.com/wp-content/uploads/2021/08/grade5_Science.pdf,4879481
g5-social-studies-answer-guide,5,social_studies,answer_guide,,new,my,Ministry of Education (Myanmar),False,Myanmar Grade 5 Social Studies Answers Complete Answers (အဖြေစုံများ) PDF,1,bookhub,https://drive.google.com/uc?export=download&id=1-ZMKuOdiMIWNA7M_pnIz8poF7huYXpoj,8860018
g5-social-studies-textbook,5,social_studies,textbook,,new,my,Ministry of Education (Myanmar),False,Myanmar Grade 5 Social Studies Textbook Textbook PDF,1,bookhub,https://drive.google.com/uc?export=download&id=12S-f25Nx4EAfspLDOlDG1k9aW16_aoXz,28790548
g6-english-answer-guide-en,6,english,answer_guide,,new,en,Ministry of Education (Myanmar),False,Myanmar Grade 6 English Answers Complete Answers (အဖြေစုံများ) PDF,1,bookhub,https://drive.google.com/uc?export=download&id=10Gj2waSrN9M5gaXqDmfbo3alU0fImNjc,99968539
g6-english-textbook-en,6,english,textbook,,new,en,Ministry of Education (Myanmar),False,Grade 6 English Language,3,edu4mm,https://edu4mm.com/wp-content/uploads/2021/08/G6-English-Final.pdf,16802948
g6-geography-answer-guide,6,geography,answer_guide,,new,my,Ministry of Education (Myanmar),False,Myanmar Grade 6 Geography Answers Complete Answers (အဖြေစုံများ) PDF,1,bookhub,https://drive.google.com/uc?export=download&id=14FWC5QF5wHKrlOqAWKGJmm95dCYcxNQz,5756462
g6-geography-textbook,6,geography,textbook,,new,my,Ministry of Education (Myanmar),False,Grade 6 Geography,3,edu4mm,https://edu4mm.com/wp-content/uploads/2021/08/G6-Geo-Final.pdf,13197610
g6-history-answer-guide,6,history,answer_guide,,new,my,Ministry of Education (Myanmar),False,Myanmar Grade 6 History Answers Complete Answers (အဖြေစုံများ) PDF,1,bookhub,https://drive.google.com/uc?export=download&id=13OunUXmsDPksdUydhetRpnVeRqEjDxF4,89154463
g6-history-textbook,6,history,textbook,,new,my,Ministry of Education (Myanmar),False,Grade 6 History,3,edu4mm,https://edu4mm.com/wp-content/uploads/2021/08/G6-His-Final.pdf,7803395
g6-islamic-textbook,6,islamic,textbook,,new,my,Ministry of Education (Myanmar),True,Myanmar Grade 6 Islamic Textbook Moral Education Textbook PDF,1,bookhub,https://drive.google.com/uc?export=download&id=1-pI3ToK5T50V1qucsl__Py-dV0JJHsjx,6783496
g6-life-skills-textbook,6,life_skills,textbook,,new,my,Ministry of Education (Myanmar),False,Grade 6 Life Skills,3,edu4mm,https://edu4mm.com/wp-content/uploads/2021/08/G6-Life-Skills-Final.pdf,12733631
g6-mathematics-answer-guide,6,mathematics,answer_guide,,new,my,Ministry of Education (Myanmar),False,Myanmar Grade 6 Geometry Answers Complete Answers (အဖြေစုံများ) PDF,1,bookhub,https://drive.google.com/uc?export=download&id=1VaW1ynkmAXkGFvINTseGEWlj0bowpF8_,17810638
g6-mathematics-answer-guide-p1,6,mathematics,answer_guide,1,new,my,Ministry of Education (Myanmar),False,Myanmar Grade 6 Mathematics Answers Complete Answers (အဖြေစုံများ) PDF,1,bookhub,https://drive.google.com/uc?export=download&id=10FZPGeLUH3JSZojAu9adMrafHTD2-Rf4,10085211
g6-mathematics-textbook,6,mathematics,textbook,,new,my,Ministry of Education (Myanmar),False,Myanmar Grade 6 Mathematics Textbook,2,learnbig,https://books.learnbig.net/uploads/2022/01/Myanmar-Grade-6-Mathematics-Textbook.pdf,32208034
g6-mathematics-textbook-p1,6,mathematics,textbook,1,new,my,Ministry of Education (Myanmar),False,Grade 6 Math 1,1,edu4mm,https://edu4mm.com/wp-content/uploads/2021/08/G6-Maths-1-Final.pdf,15017910
g6-mathematics-textbook-p2,6,mathematics,textbook,2,new,my,Ministry of Education (Myanmar),False,Grade 6 Math 2,2,edu4mm,https://edu4mm.com/wp-content/uploads/2021/08/G6-Maths-2-Final.pdf,12547767
g6-morality-civics-textbook,6,morality_civics,textbook,,new,my,Ministry of Education (Myanmar),False,Grade 6 Ethics,2,edu4mm,https://edu4mm.com/wp-content/uploads/2021/08/G6-Moral-_-Civics-Final.pdf,5211345
g6-myanmar-answer-guide,6,myanmar,answer_guide,,new,my,Ministry of Education (Myanmar),False,Myanmar Grade 6 Burmese Answers Complete Answers (အဖြေစုံများ) PDF,1,bookhub,https://drive.google.com/uc?export=download&id=10KjWJSmuz-PZYnV1hHBk55sNSauCBEup,19051097
g6-myanmar-textbook,6,myanmar,textbook,,new,my,Ministry of Education (Myanmar),False,Myanmar Grade 6 Myanmar Textbook,2,learnbig,https://books.learnbig.net/uploads/2022/01/Myanmar-Grade-6-Myanmar-Textbook.pdf,34729814
g6-myanmar-textbook-p1,6,myanmar,textbook,1,new,my,Ministry of Education (Myanmar),False,Grade 6 [part 1],1,edu4mm,https://edu4mm.com/wp-content/uploads/2021/08/G6-Myanmar-Final_p1.pdf,19000963
g6-myanmar-textbook-p2,6,myanmar,textbook,2,new,my,Ministry of Education (Myanmar),False,Grade 6 [part 2],1,edu4mm,https://edu4mm.com/wp-content/uploads/2021/08/G6-Myanmar-Final_p2.pdf,15576105
g6-performing-arts-textbook,6,performing_arts,textbook,,new,my,Ministry of Education (Myanmar),False,Grade 6 Music,1,edu4mm,https://edu4mm.com/wp-content/uploads/2021/08/G6-Music-Final.pdf,20277658
g6-physical-education-textbook,6,physical_education,textbook,,new,my,Ministry of Education (Myanmar),False,Grade 6 Physical Education,2,edu4mm,https://edu4mm.com/wp-content/uploads/2021/08/G6-PE-Final.pdf,5640705
g6-science-answer-guide,6,science,answer_guide,,new,my,Ministry of Education (Myanmar),False,Myanmar Grade 6 Science Answers Complete Answers (အဖြေစုံများ) PDF,1,bookhub,https://drive.google.com/uc?export=download&id=10GetyJcNEuz6u5LYC75zOjcPVoXNE8c7,9603180
g6-science-textbook,6,science,textbook,,new,my,Ministry of Education (Myanmar),False,Grade 6 Science,3,edu4mm,https://edu4mm.com/wp-content/uploads/2021/08/G6-Science-Final.pdf,6069271
g6-visual-arts-textbook,6,visual_arts,textbook,,new,my,Ministry of Education (Myanmar),False,Grade 6 Drawing & Painting,2,edu4mm,https://edu4mm.com/wp-content/uploads/2021/08/G6-Fine-Art-Final.pdf,7868103
g7-arts-textbook,7,arts,textbook,,new,my,Ministry of Education (Myanmar),False,Grade 7 Arts,1,edu4mm,https://edu4mm.com/wp-content/uploads/2021/08/G7-arts-text.pdf,13737178
g7-english-answer-guide-p1-en,7,english,answer_guide,1,new,en,Ministry of Education (Myanmar),False,Myanmar Grade 7 English Answers Complete Answers (အဖြေစုံများ) PDF,1,bookhub,https://drive.google.com/uc?export=download&id=10lUD7rZoJF4w0OnVdBmKIqucgBf3NBD5,21545242
g7-english-textbook-en,7,english,textbook,,new,en,Ministry of Education (Myanmar),False,Grade 7 English Language,3,edu4mm,https://edu4mm.com/wp-content/uploads/2021/08/G7-Eng-text.pdf,19007169
g7-geography-answer-guide,7,geography,answer_guide,,new,my,Ministry of Education (Myanmar),False,Myanmar Grade 7 Geography Answers Complete Answers (အဖြေစုံများ) PDF,1,bookhub,https://drive.google.com/uc?export=download&id=10jJ5F520ZiByBTTo7L0fkTcCHe7ukXV-,18111050
g7-geography-textbook,7,geography,textbook,,new,my,Ministry of Education (Myanmar),False,Myanmar Grade 7 Geography Textbook,2,learnbig,https://books.learnbig.net/uploads/2022/01/Myanmar-Grade-7-Geography-Textbook.pdf,10523327
g7-geography-textbook-p1,7,geography,textbook,1,new,my,Ministry of Education (Myanmar),False,Grade 7 [part 1],1,edu4mm,https://edu4mm.com/wp-content/uploads/2021/08/G7-Geo-Textbook_p1.pdf,8898468
g7-geography-textbook-p2,7,geography,textbook,2,new,my,Ministry of Education (Myanmar),False,Grade 7 [part 2],1,edu4mm,https://edu4mm.com/wp-content/uploads/2021/08/G7-Geo-Textbook_p2.pdf,9611179
g7-history-answer-guide,7,history,answer_guide,,new,my,Ministry of Education (Myanmar),False,Myanmar Grade 7 History Answers Complete Answers (အဖြေစုံများ) PDF,1,bookhub,https://drive.google.com/uc?export=download&id=13m_X76N2XwkD7aJ9sF0H4EokrLWGQteh,46656990
g7-history-textbook,7,history,textbook,,new,my,Ministry of Education (Myanmar),False,Grade 7 History,3,edu4mm,https://edu4mm.com/wp-content/uploads/2021/08/G7-History-Text.pdf,12625851
g7-islamic-textbook,7,islamic,textbook,,new,my,Ministry of Education (Myanmar),True,Myanmar Grade 7 Islamic Textbook Moral Education Textbook PDF,1,bookhub,https://drive.google.com/uc?export=download&id=1zo5G74dd6TEXfaTol1CYOA9cCrf6KOLn,6884928
g7-life-skills-textbook,7,life_skills,textbook,,new,my,Ministry of Education (Myanmar),False,Myanmar Grade 7 Life Skills Textbook,1,learnbig,https://books.learnbig.net/uploads/2022/01/Grade-7Life-Skills-TB.pdf,16525714
g7-life-skills-textbook-p1,7,life_skills,textbook,1,new,my,Ministry of Education (Myanmar),False,Grade 7 [part 1],1,edu4mm,https://edu4mm.com/wp-content/uploads/2021/08/G7-LifeSkills-Text_p1.pdf,21681301
g7-life-skills-textbook-p2,7,life_skills,textbook,2,new,my,Ministry of Education (Myanmar),False,Grade 7 [part2],1,edu4mm,https://edu4mm.com/wp-content/uploads/2021/08/G7-LifeSkills-Text_p2.pdf,22571630
g7-mathematics-answer-guide-p1,7,mathematics,answer_guide,1,new,my,Ministry of Education (Myanmar),False,Myanmar Grade 7 Mathematics Answers Complete Answers (အဖြေစုံများ) PDF,1,bookhub,https://drive.google.com/uc?export=download&id=1UhMdLg4f54dYLbkL6e9DPMWxp-tfT_6L,6547453
g7-mathematics-answer-guide-p2,7,mathematics,answer_guide,2,new,my,Ministry of Education (Myanmar),False,Myanmar Grade 7 Geometry Answers Complete Answers (အဖြေစုံများ) PDF,1,bookhub,https://drive.google.com/uc?export=download&id=10jnwpgu55RRgLWLqd1Iw06_fOqI_K4Js,15246440
g7-mathematics-textbook,7,mathematics,textbook,,new,my,Ministry of Education (Myanmar),False,Myanmar Grade 7 Geometry Textbook Textbook PDF,1,bookhub,https://drive.google.com/uc?export=download&id=14kWTQ05m25sH6itMMW_cmwQqB_Nx8Cmv,18638638
g7-mathematics-textbook-p1,7,mathematics,textbook,1,new,my,Ministry of Education (Myanmar),False,Grade 7 [part 1],3,edu4mm,https://edu4mm.com/wp-content/uploads/2021/08/G7-Math1-Text_p1.pdf,14084754
g7-mathematics-textbook-p2,7,mathematics,textbook,2,new,my,Ministry of Education (Myanmar),False,Grade 7 Math 2,3,edu4mm,https://edu4mm.com/wp-content/uploads/2021/08/G7-Math2-Text.pdf,18296006
g7-morality-civics-textbook,7,morality_civics,textbook,,new,my,Ministry of Education (Myanmar),False,Grade 7 Ethics,2,edu4mm,https://edu4mm.com/wp-content/uploads/2021/08/G7-Ethics-Text.pdf,4802649
g7-myanmar-answer-guide,7,myanmar,answer_guide,,new,my,Ministry of Education (Myanmar),False,Myanmar Grade 7 Burmese Answers Complete Answers (အဖြေစုံများ) PDF,1,bookhub,https://drive.google.com/uc?export=download&id=10ho7oQH_VykXTUvYryhIei1AGgQxZrOS,20628594
g7-myanmar-textbook,7,myanmar,textbook,,new,my,Ministry of Education (Myanmar),False,Myanmar Grade 7 Myanmar Textbook,2,learnbig,https://books.learnbig.net/uploads/2022/01/Myanmar-Grade-7-Myanmar-Textbook.pdf,10278858
g7-myanmar-textbook-p1,7,myanmar,textbook,1,new,my,Ministry of Education (Myanmar),False,Grade 7 [part 1],1,edu4mm,https://edu4mm.com/wp-content/uploads/2021/08/G7-Myanmar-Textbook_p1.pdf,10295436
g7-myanmar-textbook-p2,7,myanmar,textbook,2,new,my,Ministry of Education (Myanmar),False,Grade 7 [part 2],1,edu4mm,https://edu4mm.com/wp-content/uploads/2021/08/G7-Myanmar-Textbook_p2.pdf,9885185
g7-performing-arts-textbook,7,performing_arts,textbook,,new,my,Ministry of Education (Myanmar),False,Grade 7 Music,2,edu4mm,https://edu4mm.com/wp-content/uploads/2021/08/G7-Music-Text.pdf,20054516
g7-physical-education-textbook,7,physical_education,textbook,,new,my,Ministry of Education (Myanmar),False,Grade 7 Physical Education,1,edu4mm,https://edu4mm.com/wp-content/uploads/2021/08/G7-PE-Text.pdf,20108324
g7-physical-education-textbook-p1,7,physical_education,textbook,1,new,my,Ministry of Education (Myanmar),False,Myanmar Grade 7 Physical Education Textbook,1,learnbig,https://books.learnbig.net/uploads/2022/01/Grade-7-Physical-Education-TB-1.pdf,9890390
g7-science-answer-guide,7,science,answer_guide,,new,my,Ministry of Education (Myanmar),False,Myanmar Grade 7 Science Answers Complete Answers (အဖြေစုံများ) PDF,1,bookhub,https://drive.google.com/uc?export=download&id=10rd5KxppW-lfcSJs54etjScdSSDr2I3g,15177702
g7-science-textbook,7,science,textbook,,new,my,Ministry of Education (Myanmar),False,Grade 7 Science,3,edu4mm,https://edu4mm.com/wp-content/uploads/2021/08/G7-Science-Textbook.pdf,22925195
g7-visual-arts-textbook,7,visual_arts,textbook,,new,my,Ministry of Education (Myanmar),False,Grade 7 Drawing & Painting,2,edu4mm,https://edu4mm.com/wp-content/uploads/2021/08/G7-DrawingText.pdf,13737207
g8-english-answer-guide-en,8,english,answer_guide,,new,en,Ministry of Education (Myanmar),False,Myanmar Grade 8 English Answers Complete Answers (အဖြေစုံများ) PDF,1,bookhub,https://drive.google.com/uc?export=download&id=1PaXg8h2-a1aqy7_MzpXWM-X3B6TcNprq,24726800
g8-english-textbook-en,8,english,textbook,,new,en,Ministry of Education (Myanmar),False,Grade 8 English,2,edu4mm,https://edu4mm.com/wp-content/uploads/2025/02/Grade-8-English-new-course-121-pages.pdf,22710919
g8-geography-answer-guide,8,geography,answer_guide,,new,my,Ministry of Education (Myanmar),False,Myanmar Grade 8 Geography Answers Complete Answers (အဖြေစုံများ) PDF,1,bookhub,https://drive.google.com/uc?export=download&id=15_WpuCUQMl3J973d0vbBnyzPL-055EwP,21624806
g8-geography-textbook,8,geography,textbook,,new,my,Ministry of Education (Myanmar),False,Grade 8 Geography,2,edu4mm,https://edu4mm.com/wp-content/uploads/2025/02/Grade-8-Geography-new-course.pdf,21850938
g8-history-answer-guide,8,history,answer_guide,,new,my,Ministry of Education (Myanmar),False,Myanmar Grade 8 History Answers Complete Answers (အဖြေစုံများ) PDF,1,bookhub,https://drive.google.com/uc?export=download&id=10F7hlGUAseoqRpRqYUW4dkMHvCPDGEjc,27992500
g8-history-textbook,8,history,textbook,,new,my,Ministry of Education (Myanmar),False,Grade 8 History,2,edu4mm,https://edu4mm.com/wp-content/uploads/2025/02/Grade-8-History-new-course.pdf,16881416
g8-islamic-textbook,8,islamic,textbook,,new,my,Ministry of Education (Myanmar),True,Myanmar Grade 8 Islamic Textbook Moral Education Textbook PDF,1,bookhub,https://drive.google.com/uc?export=download&id=1lTQAt_v3od09KbO7Y9lEr0RLfENPAORT,7476113
g8-mathematics-answer-guide-p1,8,mathematics,answer_guide,1,new,my,Ministry of Education (Myanmar),False,Myanmar Grade 8 Mathematics Answers Complete Answers (အဖြေစုံများ) PDF,1,bookhub,https://drive.google.com/uc?export=download&id=1193ryvDadO_e0nh744vsUX3F0bXebbaj,11904893
g8-mathematics-answer-guide-p2,8,mathematics,answer_guide,2,new,my,Ministry of Education (Myanmar),False,Myanmar Grade 8 Geometry Answers Complete Answers (အဖြေစုံများ) PDF,1,bookhub,https://drive.google.com/uc?export=download&id=11E9OrUeiai6stAoaMEnqMgT32917x8oy,10604592
g8-mathematics-textbook,8,mathematics,textbook,,new,my,Ministry of Education (Myanmar),False,Myanmar Grade 8 Mathematics Textbook Textbook PDF,2,bookhub,https://drive.google.com/uc?export=download&id=1W8GBefSzVNorQM7uRSJVeOy5M8YabU6q,143000000
g8-mathematics-textbook-p1,8,mathematics,textbook,1,new,my,Ministry of Education (Myanmar),False,Grade 8 Part 1,1,edu4mm,https://edu4mm.com/wp-content/uploads/2025/02/Grade-8-Mathematics-new-course-compressed1.pdf,14996668
g8-mathematics-textbook-p2,8,mathematics,textbook,2,new,my,Ministry of Education (Myanmar),False,Grade 8 Part 2,1,edu4mm,https://edu4mm.com/wp-content/uploads/2025/02/Grade-8-Mathematics-new-course-compressed2.pdf,16554824
g8-myanmar-answer-guide,8,myanmar,answer_guide,,new,my,Ministry of Education (Myanmar),False,Myanmar Grade 8 Burmese Answers Complete Answers (အဖြေစုံများ) PDF,1,bookhub,https://drive.google.com/uc?export=download&id=1VEnWFYYrT4SUQm_muh8sbJkPLz1GvZsV,21748729
g8-myanmar-textbook,8,myanmar,textbook,,new,my,Ministry of Education (Myanmar),False,Grade 8 Myanmar,2,edu4mm,https://edu4mm.com/wp-content/uploads/2025/02/Grade-8-Myanmar-new-course.pdf,12709772
g8-science-answer-guide,8,science,answer_guide,,new,my,Ministry of Education (Myanmar),False,Myanmar Grade 8 Science Answers Complete Answers (အဖြေစုံများ) PDF,1,bookhub,https://drive.google.com/uc?export=download&id=11F3U8o4TauiiXteexVSAPSaNbI1nNm3p,20967786
g8-science-textbook,8,science,textbook,,new,my,Ministry of Education (Myanmar),False,Myanmar Grade 8 Science Textbook Textbook PDF,1,bookhub,https://drive.google.com/uc?export=download&id=1q4WS3vOpTPIsRICZloY3lots8sE0GH_K,42644401
g9-english-answer-guide-en,9,english,answer_guide,,new,en,Ministry of Education (Myanmar),False,Myanmar Grade 9 English Answers Complete Answers (အဖြေစုံများ) PDF,1,bookhub,https://drive.google.com/uc?export=download&id=11cHeFHEaQLk_iphZ_ec1rc1_sSjHudCK,33949935
g9-english-textbook-en,9,english,textbook,,new,en,Ministry of Education (Myanmar),False,Grade 9 English,2,edu4mm,https://edu4mm.com/wp-content/uploads/2025/02/Grade-9-English-new-course.pdf,16947910
g9-geography-answer-guide,9,geography,answer_guide,,new,my,Ministry of Education (Myanmar),False,Myanmar Grade 9 Geography Answers Complete Answers (အဖြေစုံများ) PDF,1,bookhub,https://drive.google.com/uc?export=download&id=14PE2lhIGFkzVDqfe039DnqMJhas85Oro,17452171
g9-geography-textbook,9,geography,textbook,,new,my,Ministry of Education (Myanmar),False,Grade 9 Geography,2,edu4mm,https://edu4mm.com/wp-content/uploads/2025/02/Grade-9-Geography.pdf,23596649
g9-history-answer-guide-p1,9,history,answer_guide,1,new,my,Ministry of Education (Myanmar),False,Myanmar Grade 9 History Answers Complete Answers (အဖြေစုံများ) PDF,1,bookhub,https://drive.google.com/uc?export=download&id=1WWexI41gBekYitJOSbFTkTNmr3a60pU1,40971764
g9-history-textbook,9,history,textbook,,new,my,Ministry of Education (Myanmar),False,Grade 9 History,2,edu4mm,https://edu4mm.com/wp-content/uploads/2025/02/Grade-9-History-new-course.pdf,24690343
g9-islamic-textbook,9,islamic,textbook,,new,my,Ministry of Education (Myanmar),True,Myanmar Grade 9 Islamic Textbook Moral Education Textbook PDF,1,bookhub,https://drive.google.com/uc?export=download&id=12zNoYWgsUGruFMjWeYiWGYREcyjP5KcS,6303746
g9-mathematics-answer-guide-p1,9,mathematics,answer_guide,1,new,my,Ministry of Education (Myanmar),False,Myanmar Grade 9 Mathematics Answers Complete Answers (အဖြေစုံများ) PDF,1,bookhub,https://drive.google.com/uc?export=download&id=11QNBONR0nGMxdoUqh5TVrqglHFtIP_H3,25041557
g9-mathematics-answer-guide-p2,9,mathematics,answer_guide,2,new,my,Ministry of Education (Myanmar),False,Myanmar Grade 9 Geometry Answers Complete Answers (အဖြေစုံများ) PDF,1,bookhub,https://drive.google.com/uc?export=download&id=11RlfZUSdjdbY3ti5g9YpAr80zwTYKCZw,8138829
g9-mathematics-textbook-p1,9,mathematics,textbook,1,new,my,Ministry of Education (Myanmar),False,Grade 9 Mathematics 1,2,edu4mm,https://edu4mm.com/wp-content/uploads/2025/02/Grade-9-Math-1-New-course.pdf,22505742
g9-mathematics-textbook-p2,9,mathematics,textbook,2,new,my,Ministry of Education (Myanmar),False,Myanmar Grade 9 Geometry Textbook Textbook PDF,1,bookhub,https://drive.google.com/uc?export=download&id=1J4Nkc6lZ8KQMiQvp2JBkFMm5r7i-xoiQ,4131059
g9-myanmar-answer-guide,9,myanmar,answer_guide,,new,my,Ministry of Education (Myanmar),False,Myanmar Grade 9 Burmese Answers Complete Answers (အဖြေစုံများ) PDF,1,bookhub,https://drive.google.com/uc?export=download&id=11bV9IjPz4tI-NDpvgZ46wnEAFvKYaVSS,23510016
g9-myanmar-textbook,9,myanmar,textbook,,new,my,Ministry of Education (Myanmar),False,Grade 9 Myanmar,2,edu4mm,https://edu4mm.com/wp-content/uploads/2025/02/Grade-9-Myanmar-new-course-compressed.pdf,13676243
g9-science-answer-guide,9,science,answer_guide,,new,my,Ministry of Education (Myanmar),False,Myanmar Grade 9 Science Answers Complete Answers (အဖြေစုံများ) PDF,1,bookhub,https://drive.google.com/uc?export=download&id=15f20O6UDaA5YdUenOGk0WxF7yVs3Sc9I,127000000
g9-science-textbook,9,science,textbook,,new,my,Ministry of Education (Myanmar),False,Grade 9 Science,2,edu4mm,https://edu4mm.com/wp-content/uploads/2025/02/Grade-9-Science-new-course-compressed.pdf,26653881
g10-biology-answer-guide,10,biology,answer_guide,,new,my,Ministry of Education (Myanmar),False,Myanmar Grade 10 Biology Answers Complete Answers (အဖြေစုံများ) PDF,1,bookhub,https://drive.google.com/uc?export=download&id=1Yv5Abr_NfLkeGXWo9QdmLbfrir3qj77V,21239845
g10-biology-textbook,10,biology,textbook,,new,my,Ministry of Education (Myanmar),False,Grade 10 Biology,1,edu4mm,https://edu4mm.com/wp-content/uploads/2021/08/g10text_biology.pdf,8447002
g10-biology-textbook-p1,10,biology,textbook,1,new,my,Ministry of Education (Myanmar),False,Myanmar Grade 10 Biology 1 Textbook,2,learnbig,https://books.learnbig.net/uploads/2022/03/Myanmar-Grade-10-Biology-1-Textbook.pdf,111064445
g10-biology-workbook,10,biology,workbook,,new,my,Ministry of Education (Myanmar),False,Grade 10 Biology (Practical),1,edu4mm,https://edu4mm.com/wp-content/uploads/2021/08/g10text_biology_practical.pdf,13279412
g10-biology-workbook-p2,10,biology,workbook,2,new,my,Ministry of Education (Myanmar),False,Myanmar Grade 10 Biology 2 Textbook (Practical Workbook),1,learnbig,https://books.learnbig.net/uploads/2022/03/Grade-10-Biology-2.pdf,83484323
g10-chemistry-answer-guide,10,chemistry,answer_guide,,new,my,Ministry of Education (Myanmar),False,Myanmar Grade 10 Chemistry Answers Complete Answers (အဖြေစုံများ) PDF,1,bookhub,https://drive.google.com/uc?export=download&id=17AORJqnVzh-CmB9MlA3Gh7AVlsvETB7B,31323400
g10-chemistry-textbook-p1,10,chemistry,textbook,1,new,my,Ministry of Education (Myanmar),False,Grade 10 [part 1],3,edu4mm,https://edu4mm.com/wp-content/uploads/2021/08/g10text_chemistry_p1.pdf,20494798
g10-chemistry-textbook-p2,10,chemistry,textbook,2,new,my,Ministry of Education (Myanmar),False,Grade 10 [part 2],1,edu4mm,https://edu4mm.com/wp-content/uploads/2021/08/g10text_chemistry_p2.pdf,19686596
g10-chemistry-textbook-p3,10,chemistry,textbook,3,new,my,Ministry of Education (Myanmar),False,Grade 10 [part 3],1,edu4mm,https://edu4mm.com/wp-content/uploads/2021/08/g10text_chemistry_p3.pdf,19886378
g10-chemistry-workbook,10,chemistry,workbook,,new,my,Ministry of Education (Myanmar),False,Grade 10 Chemistry (Practical),1,edu4mm,https://edu4mm.com/wp-content/uploads/2021/08/g10text_chemistry_practical.pdf,14049965
g10-chemistry-workbook-p2,10,chemistry,workbook,2,new,my,Ministry of Education (Myanmar),False,Myanmar Grade 10 Chemistry 2 Textbook (Experimental Chemistry),1,learnbig,https://books.learnbig.net/uploads/2022/02/Grade-10-Chemistry-2.pdf,75475060
g10-economics-answer-guide,10,economics,answer_guide,,new,my,Ministry of Education (Myanmar),False,Myanmar Grade 10 Economics Answers Complete Answers (အဖြေစုံများ) PDF,1,bookhub,https://drive.google.com/uc?export=download&id=12lN9gM9fYaYKx3pLJ6lLYdW8i-0jE0ps,104000000
g10-economics-textbook,10,economics,textbook,,new,my,Ministry of Education (Myanmar),False,Grade 10 Economics,3,edu4mm,https://edu4mm.com/wp-content/uploads/2021/08/g10text_eco.pdf,8016028
g10-economics-textbook-old,10,economics,textbook,,old,my,Ministry of Education (Myanmar),False,Myanmar Grade 10 Economics Textbook (Old Curriculum),1,learnbig,https://books.learnbig.net/uploads/2022/03/Grade-10-Economics-TB-old-curriculum.pdf,31575041
g10-english-answer-guide-en,10,english,answer_guide,,new,en,Ministry of Education (Myanmar),False,Myanmar Grade 10 English Answers Complete Answers (အဖြေစုံများ) PDF,1,bookhub,https://drive.google.com/uc?export=download&id=1UUyrXlFa30vTYAPcCS31BxEHmLtQiJ2z,26608082
g10-english-textbook-en,10,english,textbook,,new,en,Ministry of Education (Myanmar),False,Myanmar Grade 10 English Language Textbook,2,learnbig,https://books.learnbig.net/uploads/2022/02/Grade-10-English.pdf,348144900
g10-english-textbook-p1-en,10,english,textbook,1,new,en,Ministry of Education (Myanmar),False,Grade 10 [part 1],1,edu4mm,https://edu4mm.com/wp-content/uploads/2021/08/g10text_eng_p1.pdf,8573570
g10-english-textbook-p2-en,10,english,textbook,2,new,en,Ministry of Education (Myanmar),False,Grade 10 [part 2],1,edu4mm,https://edu4mm.com/wp-content/uploads/2021/08/g10text_eng_p2.pdf,8519581
g10-geography-textbook-p1,10,geography,textbook,1,new,my,Ministry of Education (Myanmar),False,Grade 10 [part 1],1,edu4mm,https://edu4mm.com/wp-content/uploads/2021/08/g10text_geography_p1.pdf,4453386
g10-geography-textbook-p2,10,geography,textbook,2,new,my,Ministry of Education (Myanmar),False,Grade 10 [part 2],1,edu4mm,https://edu4mm.com/wp-content/uploads/2021/08/g10text_geography_p2.pdf,7734624
g10-geography-textbook-p3,10,geography,textbook,3,new,my,Ministry of Education (Myanmar),False,Grade 10 [part 3],1,edu4mm,https://edu4mm.com/wp-content/uploads/2021/08/g10text_geography_p3.pdf,21009987
g10-geography-textbook-p4,10,geography,textbook,4,new,my,Ministry of Education (Myanmar),False,Grade 10 [part 4],1,edu4mm,https://edu4mm.com/wp-content/uploads/2021/08/g10text_geography_p4.pdf,11940252
g10-geography-textbook-p5,10,geography,textbook,5,new,my,Ministry of Education (Myanmar),False,Grade 10 [part 5],1,edu4mm,https://edu4mm.com/wp-content/uploads/2021/08/g10text_geography_p5.pdf,15553037
g10-geography-textbook-p6,10,geography,textbook,6,new,my,Ministry of Education (Myanmar),False,Grade 10 [part 6],1,edu4mm,https://edu4mm.com/wp-content/uploads/2021/08/g10text_geography_p6.pdf,15075606
g10-geography-textbook-p7,10,geography,textbook,7,new,my,Ministry of Education (Myanmar),False,Grade 10 [part 7],1,edu4mm,https://edu4mm.com/wp-content/uploads/2021/08/g10text_geography_p7.pdf,16768044
g10-geography-textbook-p8,10,geography,textbook,8,new,my,Ministry of Education (Myanmar),False,Grade 10 [part 8],1,edu4mm,https://edu4mm.com/wp-content/uploads/2021/08/g10text_geography_p8.pdf,7820565
g10-geography-textbook-p9,10,geography,textbook,9,new,my,Ministry of Education (Myanmar),False,Grade 10 [part 9],1,edu4mm,https://edu4mm.com/wp-content/uploads/2021/08/g10text_geography_p9.pdf,11505485
g10-geography-textbook-p10,10,geography,textbook,10,new,my,Ministry of Education (Myanmar),False,Grade 10 [part 10],1,edu4mm,https://edu4mm.com/wp-content/uploads/2021/08/g10text_geography_p10.pdf,11537514
g10-geography-textbook-p11,10,geography,textbook,11,new,my,Ministry of Education (Myanmar),False,Grade 10 [part 11],1,edu4mm,https://edu4mm.com/wp-content/uploads/2021/08/g10text_geography_p11.pdf,11140274
g10-geography-textbook-p12,10,geography,textbook,12,new,my,Ministry of Education (Myanmar),False,Grade 10 [part 12],1,edu4mm,https://edu4mm.com/wp-content/uploads/2021/08/g10text_geography_p12.pdf,11836334
g10-geography-textbook-p13,10,geography,textbook,13,new,my,Ministry of Education (Myanmar),False,Grade 10 [part 13],1,edu4mm,https://edu4mm.com/wp-content/uploads/2021/08/g10text_geography_p13.pdf,12087940
g10-geography-textbook-p14,10,geography,textbook,14,new,my,Ministry of Education (Myanmar),False,Grade 10 [part 14],1,edu4mm,https://edu4mm.com/wp-content/uploads/2021/08/g10text_geography_p14.pdf,17474496
g10-history-textbook-p1,10,history,textbook,1,new,my,Ministry of Education (Myanmar),False,Grade 10 [part 1],1,edu4mm,https://edu4mm.com/wp-content/uploads/2021/08/g10text_history_p1.pdf,16973498
g10-history-textbook-p2,10,history,textbook,2,new,my,Ministry of Education (Myanmar),False,Grade 10 [part 2],1,edu4mm,https://edu4mm.com/wp-content/uploads/2021/08/g10text_history_p2.pdf,19029891
g10-life-skills-textbook,10,life_skills,textbook,,new,my,Ministry of Education (Myanmar),False,Myanmar Grade 10 Life Skills Textbook,1,learnbig,https://books.learnbig.net/uploads/2022/03/Grade-10-Life-Skills-TB.pdf,38026461
g10-life-skills-textbook-p1,10,life_skills,textbook,1,new,my,Ministry of Education (Myanmar),False,Grade 10 [part 1],1,edu4mm,https://edu4mm.com/wp-content/uploads/2021/08/g10text_lifeskills_p1.pdf,17820806
g10-life-skills-textbook-p2,10,life_skills,textbook,2,new,my,Ministry of Education (Myanmar),False,Grade 10 [part 2],1,edu4mm,https://edu4mm.com/wp-content/uploads/2021/08/g10text_lifeskills_p2.pdf,20527534
g10-mathematics-answer-guide,10,mathematics,answer_guide,,new,my,Ministry of Education (Myanmar),False,Myanmar Grade 10 Mathematics Answers Complete Answers (အဖြေစုံများ) PDF,1,bookhub,https://drive.google.com/uc?export=download&id=11edUa6__8MEhJyQ65pv3XEm-i6WivQs5,42904170
g10-mathematics-textbook,10,mathematics,textbook,,new,my,Ministry of Education (Myanmar),False,Myanmar Grade 10 Mathematics Textbook,2,learnbig,https://books.learnbig.net/uploads/2022/02/Myanmar-Grade-10-Mathematics-Textbook.pdf,72195109
g10-mathematics-textbook-p1,10,mathematics,textbook,1,new,my,Ministry of Education (Myanmar),False,Grade 10 [part 1],1,edu4mm,https://edu4mm.com/wp-content/uploads/2021/08/g10text_math_p1.pdf,21394505
g10-mathematics-textbook-p2,10,mathematics,textbook,2,new,my,Ministry of Education (Myanmar),False,Grade 10 [part 2],1,edu4mm,https://edu4mm.com/wp-content/uploads/2021/08/g10text_math_p2.pdf,22521120
g10-morality-civics-textbook,10,morality_civics,textbook,,new,my,Ministry of Education (Myanmar),False,Grade 10 Ethics,2,edu4mm,https://edu4mm.com/wp-content/uploads/2021/08/g10text_ethic.pdf,12038579
g10-myanmar-answer-guide,10,myanmar,answer_guide,,new,my,Ministry of Education (Myanmar),False,Myanmar Grade 10 Burmese Answers Complete Answers (အဖြေစုံများ) PDF,1,bookhub,https://drive.google.com/uc?export=download&id=1PV1bIrhxn5nzJvjKeU6t8bdZUECoxOT3,37804266
g10-myanmar-textbook,10,myanmar,textbook,,new,my,Ministry of Education (Myanmar),False,Myanmar Grade 10 Myanmar Language Textbook,2,learnbig,https://books.learnbig.net/uploads/2022/02/Myanmar-Grade-10-Myanmar-Language-Textbook.pdf,83538240
g10-myanmar-textbook-p1,10,myanmar,textbook,1,new,my,Ministry of Education (Myanmar),False,Grade 10 [part 1],1,edu4mm,https://edu4mm.com/wp-content/uploads/2021/08/g10text_mm_pinyin_p1.pdf,18981222
g10-myanmar-textbook-p2,10,myanmar,textbook,2,new,my,Ministry of Education (Myanmar),False,Grade 10 [part 2],1,edu4mm,https://edu4mm.com/wp-content/uploads/2021/08/g10text_mm_pinyin_p2.pdf,20624352
g10-myanmar-textbook-p3,10,myanmar,textbook,3,new,my,Ministry of Education (Myanmar),False,Grade 10 [part 3],1,edu4mm,https://edu4mm.com/wp-content/uploads/2021/08/g10text_mm_pinyin_p3.pdf,15829672
g10-optional-myanmar-textbook,10,optional_myanmar,textbook,,new,my,Ministry of Education (Myanmar),False,Grade 10 Specialized Myanmar Novels,4,edu4mm,https://edu4mm.com/wp-content/uploads/2021/08/g10text_mm_plays.pdf,20730077
g10-performing-arts-textbook,10,performing_arts,textbook,,new,my,Ministry of Education (Myanmar),False,Grade 10 Music,2,edu4mm,https://edu4mm.com/wp-content/uploads/2021/08/g10text_music.pdf,25367669
g10-physical-education-textbook,10,physical_education,textbook,,new,my,Ministry of Education (Myanmar),False,Myanmar Grade 10 Physical Education Textbook,1,learnbig,https://books.learnbig.net/uploads/2022/03/Grade-10-Physical-Education-TB.pdf,41465946
g10-physical-education-textbook-p1,10,physical_education,textbook,1,new,my,Ministry of Education (Myanmar),False,Grade 10 [part 1],1,edu4mm,https://edu4mm.com/wp-content/uploads/2021/08/g10text_PE_p1.pdf,19058810
g10-physical-education-textbook-p2,10,physical_education,textbook,2,new,my,Ministry of Education (Myanmar),False,Grade 10 [part 2],1,edu4mm,https://edu4mm.com/wp-content/uploads/2021/08/g10text_PE_p2.pdf,25040363
g10-physics-answer-guide-p1,10,physics,answer_guide,1,new,my,Ministry of Education (Myanmar),False,Myanmar Grade 10 Physics Answers Complete Answers (အဖြေစုံများ) PDF,1,bookhub,https://drive.google.com/uc?export=download&id=1yGrrf3kG2Ojoc6M1WmmMW29Rguti7bal,38482529
g10-physics-textbook-p1,10,physics,textbook,1,new,my,Ministry of Education (Myanmar),False,Grade 10 [part 1],3,edu4mm,https://edu4mm.com/wp-content/uploads/2021/08/g10text_physic_p1.pdf,19057029
g10-physics-textbook-p2,10,physics,textbook,2,new,my,Ministry of Education (Myanmar),False,Grade 10 [part 2],1,edu4mm,https://edu4mm.com/wp-content/uploads/2021/08/g10text_physic_p2.pdf,17850559
g10-physics-workbook,10,physics,workbook,,new,my,Ministry of Education (Myanmar),False,Grade 10 Physics (Practical),1,edu4mm,https://edu4mm.com/wp-content/uploads/2021/08/g10text_physics_practical.pdf,4495663
g10-physics-workbook-p2,10,physics,workbook,2,new,my,Ministry of Education (Myanmar),False,Myanmar Grade 10 Physics 2 Textbook (Practical Physics),1,learnbig,https://books.learnbig.net/uploads/2022/03/Grade-10-Physics-2.pdf,42422240
g10-science-textbook-en,10,science,textbook,,new,en,Ministry of Education (Myanmar),False,Myanmar Grade 10 Science Textbook,1,learnbig,https://books.learnbig.net/uploads/2022/03/Grade-10-Science-TB-Eng.pdf,33624643
g10-science-textbook,10,science,textbook,,new,my,Ministry of Education (Myanmar),False,Grade 10 Science,1,edu4mm,https://edu4mm.com/wp-content/uploads/2021/08/g10text_science.pdf,20333291
g10-social-studies-textbook,10,social_studies,textbook,,new,my,Ministry of Education (Myanmar),False,"Myanmar Grade 10 Social Science Textbook (Geography, History, Economics)",1,learnbig,https://books.learnbig.net/uploads/2022/02/Grade-10-Social-Studies-GHE.pdf,274488328
g10-social-studies-textbook-p1,10,social_studies,textbook,1,new,my,Ministry of Education (Myanmar),False,Grade 10 [part 1],2,edu4mm,https://edu4mm.com/wp-content/uploads/2021/08/g10text_socialscience3_p1.pdf,14837499
g10-social-studies-textbook-p2,10,social_studies,textbook,2,new,my,Ministry of Education (Myanmar),False,Grade 10 Social Sciences (track 2),3,edu4mm,https://edu4mm.com/wp-content/uploads/2021/08/g10text_socialscience2.pdf,26156006
g10-visual-arts-textbook,10,visual_arts,textbook,,new,my,Ministry of Education (Myanmar),False,Grade 10 Drawing & Painting,2,edu4mm,https://edu4mm.com/wp-content/uploads/2021/08/g10text_drawing.pdf,13786402
g11-biology-answer-guide,11,biology,answer_guide,,new,my,Ministry of Education (Myanmar),False,Myanmar Grade 11 Biology Answers Complete Answers (အဖြေစုံများ) PDF,1,bookhub,https://drive.google.com/uc?export=download&id=1250tBulre2X5nxnOV-nK4KO-VRC0ZbIn,22359693
g11-biology-textbook,11,biology,textbook,,new,my,Ministry of Education (Myanmar),False,Grade 11 Biology,2,edu4mm,https://edu4mm.com/wp-content/uploads/2025/02/G11-Biology-new-course.pdf,17756608
g11-biology-workbook,11,biology,workbook,,new,my,Ministry of Education (Myanmar),False,Grade 11 Biology (Practical Workbook),1,edu4mm,https://edu4mm.com/wp-content/uploads/2025/02/G11-Biology-Practical-Workbook-new-course.pdf,3135693
g11-chemistry-answer-guide,11,chemistry,answer_guide,,new,my,Ministry of Education (Myanmar),False,Myanmar Grade 11 Chemistry Answers Complete Answers (အဖြေစုံများ) PDF,1,bookhub,https://drive.google.com/uc?export=download&id=1UPrJ4JAtPoF6NCvDc0Zn1jUSX-zvOqSu,47996167
g11-chemistry-textbook,11,chemistry,textbook,,new,my,Ministry of Education (Myanmar),False,Grade 11 Chemistry,1,edu4mm,https://edu4mm.com/wp-content/uploads/2025/02/G11-Chemistry-new-course-TB-compressed.pdf,22534113
g11-chemistry-textbook-p1,11,chemistry,textbook,1,new,my,Ministry of Education (Myanmar),False,Myanmar Grade 11 Chemistry Textbook Textbook PDF,1,bookhub,https://drive.google.com/uc?export=download&id=126QqzKIW2qME7wPqrO1F7kMwPjKeJrQt,59910261
g11-chemistry-workbook,11,chemistry,workbook,,new,my,Ministry of Education (Myanmar),False,Grade 11 Experimental Chemistry,1,edu4mm,https://edu4mm.com/wp-content/uploads/2025/02/G11-Chemistry-Experimental-chemistry-new-course.pdf,2864835
g11-economics-textbook,11,economics,textbook,,new,my,Ministry of Education (Myanmar),False,Myanmar Grade 11 Economics Textbook,2,learnbig,https://books.learnbig.net/uploads/2022/02/Myanmar-Grade-11-Economics-Textbook.pdf,31297840
g11-english-answer-guide-en,11,english,answer_guide,,new,en,Ministry of Education (Myanmar),False,Myanmar Grade 11 English Answers (updated) Complete Answers (အဖြေစုံများ) PDF,1,bookhub,https://drive.google.com/uc?export=download&id=14W6_99myDBtKeDU19vo81F4cxvKDP8Va,29968759
g11-english-syllabus-p1-en,11,english,syllabus,1,new,en,Ministry of Education (Myanmar),False,Myanmar Grade 11 English Textbook Textbook PDF,1,bookhub,https://drive.google.com/uc?export=download&id=12FJpns93bDJEYuryd7inXLi3E5tAXd_E,44139698
g11-english-textbook-en,11,english,textbook,,new,en,Ministry of Education (Myanmar),False,Grade 11 English,1,edu4mm,https://edu4mm.com/wp-content/uploads/2025/02/G11-English-new-course-compressed.pdf,31022320
g11-mathematics-answer-guide,11,mathematics,answer_guide,,new,my,Ministry of Education (Myanmar),False,Myanmar Grade 11 Mathematics Answers Complete Answers (အဖြေစုံများ) PDF,1,bookhub,https://drive.google.com/uc?export=download&id=11z3rdauSjJ3uhIb3O8OaiuRo10_3_cLL,19007142
g11-mathematics-textbook,11,mathematics,textbook,,new,my,Ministry of Education (Myanmar),False,Grade 11 Mathematics,1,edu4mm,https://edu4mm.com/wp-content/uploads/2025/02/G11-Mathematics-new-course.pdf,25361541
g11-mathematics-textbook-p1,11,mathematics,textbook,1,new,my,Ministry of Education (Myanmar),False,Myanmar Grade 11 Mathematics Textbook Textbook PDF,1,bookhub,https://drive.google.com/uc?export=download&id=128t4rjx2uRrBD9MQHfpqwSU25DKWQdLi,25361541
g11-myanmar-answer-guide,11,myanmar,answer_guide,,new,my,Ministry of Education (Myanmar),False,Myanmar Grade 11 Myanmasar Answers Complete Answers (အဖြေစုံများ) PDF,1,bookhub,https://drive.google.com/uc?export=download&id=154tom9h7OTcplPW2U8QPg-gkBYm-PkjA,30279719
g11-myanmar-syllabus-p1,11,myanmar,syllabus,1,new,my,Ministry of Education (Myanmar),False,Myanmar Grade 11 Burmese Textbook Textbook PDF,1,bookhub,https://drive.google.com/uc?export=download&id=12OfS_Nz7lCq7bhr-VktbxWRo1Pt-yBE1,228000000
g11-myanmar-teacher-guide,11,myanmar,teacher_guide,,new,my,Ministry of Education (Myanmar),False,Myanmar Grade 11 Burmese Guide Teacher Guide Textbook PDF,1,bookhub,https://drive.google.com/uc?export=download&id=1a1VrXJfRa9CYs1IoqnTE6u9-2Vx61J5i,32203221
g11-myanmar-textbook,11,myanmar,textbook,,new,my,Ministry of Education (Myanmar),False,Grade 11 Myanmar,1,edu4mm,https://edu4mm.com/wp-content/uploads/2025/02/G11-Myanmarsar-new-course-175-pages-compressed.pdf,30434763
g11-optional-myanmar-textbook,11,optional_myanmar,textbook,,new,my,Ministry of Education (Myanmar),False,Grade 11 Myanmar Poem,2,edu4mm,https://edu4mm.com/wp-content/uploads/2025/02/G11_Myanmarsar_စိတ်ကြိုက်မြန်မာစာ_OB_Poem_new_course.pdf,6374256
g11-physics-answer-guide,11,physics,answer_guide,,new,my,Ministry of Education (Myanmar),False,Myanmar Grade 11 Physics Answers Complete Answers (အဖြေစုံများ) PDF,1,bookhub,https://drive.google.com/uc?export=download&id=1248Bb9LDQGGhSKFlxhpu3O1tqn4F0pTX,51779799
g11-physics-textbook,11,physics,textbook,,new,my,Ministry of Education (Myanmar),False,Grade 11 Physics,1,edu4mm,https://edu4mm.com/wp-content/uploads/2025/02/G11-Physics-new-course.pdf,30033699
g11-physics-textbook-p1,11,physics,textbook,1,new,my,Ministry of Education (Myanmar),False,Myanmar Grade 11 Physics Textbook Textbook PDF,1,bookhub,https://drive.google.com/uc?export=download&id=12gepVad3HT9g9svb5foR_zc2V4dLq7sc,30033699
g11-physics-workbook,11,physics,workbook,,new,my,Ministry of Education (Myanmar),False,Grade 11 Practical Physics,1,edu4mm,https://edu4mm.com/wp-content/uploads/2025/02/G11-Physics-Practical-Physics-new-course.pdf,1396382
g12-biology-answer-guide,12,biology,answer_guide,,new,my,Ministry of Education (Myanmar),False,Myanmar Grade 12 Biology Answers Complete Answers (အဖြေစုံများ) PDF,1,bookhub,https://drive.google.com/uc?export=download&id=132c_hMiGxCSWJv1uzpGxqoRMMWpLUB5H,37145313
g12-biology-textbook,12,biology,textbook,,new,my,Ministry of Education (Myanmar),False,Grade 12 Biology,2,edu4mm,https://edu4mm.com/wp-content/uploads/2025/02/G-12-Biology-Text-compressed.pdf,18348681
g12-chemistry-answer-guide,12,chemistry,answer_guide,,new,my,Ministry of Education (Myanmar),False,Myanmar Grade 12 Chemistry Answer Key Textbook PDF,2,bookhub,https://drive.google.com/uc?export=download&id=14aiNwg9o5BRWqUp4DFqNtK2q9lsHcbyP,19365177
g12-chemistry-textbook,12,chemistry,textbook,,new,my,Ministry of Education (Myanmar),False,Myanmar Grade 12 Chemistry Textbook Textbook PDF,1,bookhub,https://drive.google.com/uc?export=download&id=13RMUir-YoX6IQncmWWOhR-ooFqQ9aUv-,127000000
g12-chemistry-textbook-nug,12,chemistry,textbook,,new,my,NUG Ministry of Education,False,Grade 12 Chemistry (NUG),1,edu4mm,https://edu4mm.com/wp-content/uploads/2025/02/G12-Chemistry-NUG-MOE.pdf,17266452
g12-economics-answer-guide,12,economics,answer_guide,,new,my,Ministry of Education (Myanmar),False,Myanmar Grade 12 Economics Answers Complete Answers (အဖြေစုံများ) PDF,1,bookhub,https://drive.google.com/uc?export=download&id=1589KF-TAkLf7Nk08MypiR5tqgJLP3Mdo,2385419
g12-economics-textbook,12,economics,textbook,,new,my,Ministry of Education (Myanmar),False,Myanmar Grade 12 Economics Textbook Textbook PDF,1,bookhub,https://drive.google.com/uc?export=download&id=1FPpjHa9dFlp8SpbRGQN0PovXfphmP-IH,93951738
g12-english-answer-guide-en,12,english,answer_guide,,new,en,Ministry of Education (Myanmar),False,Myanmar Grade 12 English Answer Key Textbook PDF,1,bookhub,https://drive.google.com/uc?export=download&id=138MBtSxDDZX4Z-IifOcvIOZw0XpgQzKv,3423707
g12-english-teacher-guide-p1-en,12,english,teacher_guide,1,new,en,Ministry of Education (Myanmar),False,Grade 12 English (Teacher Guide 1),1,edu4mm,https://edu4mm.com/wp-content/uploads/2025/02/Grade-12-English-TG-Part-1-March-5-2024.pdf,11664411
g12-english-textbook-en,12,english,textbook,,new,en,Ministry of Education (Myanmar),False,Grade 12 English,2,edu4mm,https://edu4mm.com/wp-content/uploads/2025/02/Grade-12-English-Textbook.pdf,22412269
g12-geography-textbook,12,geography,textbook,,new,my,Ministry of Education (Myanmar),False,Grade 12 Geography,1,edu4mm,https://edu4mm.com/wp-content/uploads/2025/02/Grade-12-Geography-Textbook-Feb-20-2024.pdf,10953796
g12-history-textbook-p6,12,history,textbook,6,new,my,Ministry of Education (Myanmar),False,Grade 12 History,1,edu4mm,https://edu4mm.com/wp-content/uploads/2025/02/G-12_-History6-.2-.2024-1.pdf,2100928
g12-mathematics-answer-guide,12,mathematics,answer_guide,,new,my,Ministry of Education (Myanmar),False,Myanmar Grade 12 Mathematics Answers Complete Answers (အဖြေစုံများ) PDF,1,bookhub,https://drive.google.com/uc?export=download&id=14YoFC2-R6Unr1Sv2nYGjLpeUVlfLwZ-O,17544416
g12-mathematics-exam-guide,12,mathematics,exam_guide,,new,my,Ministry of Education (Myanmar),False,Myanmar Grade 12 Mathematics Exam Guide Textbook PDF,1,bookhub,https://drive.google.com/uc?export=download&id=13CfOhWX9Df81WPcc_5Ys_YU9x4g6tjgZ,9144517
g12-mathematics-textbook,12,mathematics,textbook,,new,my,Ministry of Education (Myanmar),False,Grade 12 Math,1,edu4mm,https://edu4mm.com/wp-content/uploads/2025/02/G-12-Maths-Textbook-May-13-2024.pdf,12619796
g12-mathematics-textbook-p3,12,mathematics,textbook,3,new,my,Ministry of Education (Myanmar),False,Myanmar Grade 12 Mathematics Textbook Textbook PDF,1,bookhub,https://drive.google.com/uc?export=download&id=13QATNAGtDGZOHONg58pIb5sTEh3e4adF,59620071
g12-myanmar-answer-guide,12,myanmar,answer_guide,,new,my,Ministry of Education (Myanmar),False,Myanmar Grade 12 Myanmasar Answers Complete Answers (အဖြေစုံများ) PDF,1,bookhub,https://drive.google.com/uc?export=download&id=14Ys4yC-sqbQuetsvDxXehhXoN3K9E5-f,27659071
g12-myanmar-teacher-guide,12,myanmar,teacher_guide,,new,my,Ministry of Education (Myanmar),False,Grade 12 Myanmar (Teacher Guide),1,edu4mm,https://edu4mm.com/wp-content/uploads/2025/02/Grade-12_-Myanmar-TG-6.5.2024.pdf,1143993
g12-myanmar-textbook,12,myanmar,textbook,,new,my,Ministry of Education (Myanmar),False,Grade 12 Myanmar,2,edu4mm,https://edu4mm.com/wp-content/uploads/2025/02/G-12-Myanmar-TB-15.2.2024.pdf,4075826
g12-optional-myanmar-syllabus,12,optional_myanmar,syllabus,,new,my,Ministry of Education (Myanmar),False,Grade 12 Myanmar (Preferred Choice),1,edu4mm,https://edu4mm.com/wp-content/uploads/2025/02/G_12_စိတ်ကြိုက်မြန်မာစာ_Contents_Competency_.pdf,155598
g12-physics-answer-guide,12,physics,answer_guide,,new,my,Ministry of Education (Myanmar),False,Myanmar Grade 12 Physics Answers Complete Answers (အဖြေစုံများ) PDF,1,bookhub,https://drive.google.com/uc?export=download&id=133trSqXwyO_ecceYrSaZ-ZrWmdy91uWb,31826448
g12-physics-textbook,12,physics,textbook,,new,my,Ministry of Education (Myanmar),False,Myanmar Grade 12 Physics Textbook Textbook PDF,1,bookhub,https://drive.google.com/uc?export=download&id=13Cyah4-h6Vo8Ek6mvy3gtscI9z_p38lO,140000000
g12-physics-textbook-p1,12,physics,textbook,1,new,my,Ministry of Education (Myanmar),False,Grade 12 [Part 1],1,edu4mm,https://edu4mm.com/wp-content/uploads/2025/02/G-12-Physics-compressed-part-1.pdf,20910060
g12-physics-textbook-p2,12,physics,textbook,2,new,my,Ministry of Education (Myanmar),False,Grade 12 [Part 2],1,edu4mm,https://edu4mm.com/wp-content/uploads/2025/02/G-12-Physics-compressed-part-2.pdf,17679470
